epoch,lr-Adam,step,train_loss_epoch,train_loss_step,val_loss
,0.001,9,,,
0,,9,,5.1489152908325195,
,0.001,19,,,
0,,19,,4.904965400695801,
,0.001,29,,,
0,,29,,4.798488616943359,
,0.001,39,,,
0,,39,,4.525295257568359,
,0.001,49,,,
0,,49,,4.3493218421936035,
,0.001,59,,,
0,,59,,4.196101188659668,
,0.001,69,,,
0,,69,,3.9734010696411133,
0,,72,,,4.435523986816406
0,,72,4.697862148284912,,
,0.001,79,,,
1,,79,,4.114786624908447,
,0.001,89,,,
1,,89,,4.073224067687988,
,0.001,99,,,
1,,99,,3.8380544185638428,
,0.001,109,,,
1,,109,,3.9357290267944336,
,0.001,119,,,
1,,119,,3.7182254791259766,
,0.001,129,,,
1,,129,,3.770843982696533,
,0.001,139,,,
1,,139,,3.6882190704345703,
1,,145,,,3.9038867950439453
1,,145,3.9335806369781494,,
,0.001,149,,,
2,,149,,3.829646587371826,
,0.001,159,,,
2,,159,,3.7507784366607666,
,0.001,169,,,
2,,169,,3.800621509552002,
,0.001,179,,,
2,,179,,3.725515365600586,
,0.001,189,,,
2,,189,,3.6801517009735107,
,0.001,199,,,
2,,199,,3.7005972862243652,
,0.001,209,,,
2,,209,,3.5713138580322266,
2,,218,,,3.8426969051361084
2,,218,3.714376926422119,,
,0.001,219,,,
3,,219,,3.9455485343933105,
,0.001,229,,,
3,,229,,3.6008145809173584,
,0.001,239,,,
3,,239,,3.844534397125244,
,0.001,249,,,
3,,249,,3.5914955139160156,
,0.001,259,,,
3,,259,,3.877645969390869,
,0.001,269,,,
3,,269,,3.518866777420044,
,0.001,279,,,
3,,279,,3.5223469734191895,
,0.001,289,,,
3,,289,,3.527874231338501,
3,,291,,,3.5325613021850586
3,,291,3.643361806869507,,
,0.001,299,,,
4,,299,,3.530214548110962,
,0.001,309,,,
4,,309,,3.4751648902893066,
,0.001,319,,,
4,,319,,3.4143319129943848,
,0.001,329,,,
4,,329,,3.503721237182617,
,0.001,339,,,
4,,339,,3.681652069091797,
,0.001,349,,,
4,,349,,3.447866439819336,
,0.001,359,,,
4,,359,,3.3279480934143066,
4,,364,,,3.6122565269470215
4,,364,3.51021671295166,,
,0.001,369,,,
5,,369,,3.50339937210083,
,0.001,379,,,
5,,379,,3.4170665740966797,
,0.001,389,,,
5,,389,,3.3978047370910645,
,0.001,399,,,
5,,399,,3.545454978942871,
,0.001,409,,,
5,,409,,3.393005132675171,
,0.001,419,,,
5,,419,,3.273200511932373,
,0.001,429,,,
5,,429,,3.3933372497558594,
5,,437,,,3.395721673965454
5,,437,3.396054983139038,,
,0.001,439,,,
6,,439,,3.4842734336853027,
,0.001,449,,,
6,,449,,3.502161741256714,
,0.001,459,,,
6,,459,,3.2791876792907715,
,0.001,469,,,
6,,469,,3.243312358856201,
,0.001,479,,,
6,,479,,3.4295477867126465,
,0.001,489,,,
6,,489,,3.2777552604675293,
,0.001,499,,,
6,,499,,3.208714008331299,
,0.001,509,,,
6,,509,,3.330371856689453,
6,,510,,,3.3462600708007812
6,,510,3.3391311168670654,,
,0.001,519,,,
7,,519,,3.308666706085205,
,0.001,529,,,
7,,529,,3.149653434753418,
,0.001,539,,,
7,,539,,3.258175849914551,
,0.001,549,,,
7,,549,,3.093902587890625,
,0.001,559,,,
7,,559,,3.2014918327331543,
,0.001,569,,,
7,,569,,3.2412261962890625,
,0.001,579,,,
7,,579,,3.267324447631836,
7,,583,,,3.3688457012176514
7,,583,3.260650873184204,,
,0.001,589,,,
8,,589,,3.2488441467285156,
,0.001,599,,,
8,,599,,3.1568074226379395,
,0.001,609,,,
8,,609,,3.113554000854492,
,0.001,619,,,
8,,619,,3.1525354385375977,
,0.001,629,,,
8,,629,,3.1069369316101074,
,0.001,639,,,
8,,639,,3.2074384689331055,
,0.001,649,,,
8,,649,,3.110434055328369,
8,,656,,,3.355591297149658
8,,656,3.1870343685150146,,
,0.001,659,,,
9,,659,,3.113534450531006,
,0.001,669,,,
9,,669,,2.9866390228271484,
,0.001,679,,,
9,,679,,3.183764696121216,
,0.001,689,,,
9,,689,,3.212092638015747,
,0.001,699,,,
9,,699,,3.154801368713379,
,0.001,709,,,
9,,709,,3.0226707458496094,
,0.001,719,,,
9,,719,,3.0372262001037598,
,0.001,729,,,
9,,729,,0.8757323026657104,
9,,729,,,3.104553461074829
9,,729,3.0864734649658203,,
,0.001,739,,,
10,,739,,2.9278688430786133,
,0.001,749,,,
10,,749,,2.9805030822753906,
,0.001,759,,,
10,,759,,3.1158363819122314,
,0.001,769,,,
10,,769,,3.0734097957611084,
,0.001,779,,,
10,,779,,2.9176762104034424,
,0.001,789,,,
10,,789,,3.080259084701538,
,0.001,799,,,
10,,799,,2.8724355697631836,
10,,802,,,3.0897464752197266
10,,802,3.0049004554748535,,
,0.001,809,,,
11,,809,,2.8523192405700684,
,0.001,819,,,
11,,819,,2.875307559967041,
,0.001,829,,,
11,,829,,2.863198757171631,
,0.001,839,,,
11,,839,,2.9544692039489746,
,0.001,849,,,
11,,849,,2.8449530601501465,
,0.001,859,,,
11,,859,,2.945194959640503,
,0.001,869,,,
11,,869,,2.894052028656006,
11,,875,,,2.975860357284546
11,,875,2.916996479034424,,
,0.001,879,,,
12,,879,,3.063406467437744,
,0.001,889,,,
12,,889,,2.8385367393493652,
,0.001,899,,,
12,,899,,2.7368099689483643,
,0.001,909,,,
12,,909,,2.8602967262268066,
,0.001,919,,,
12,,919,,2.9050965309143066,
,0.001,929,,,
12,,929,,2.6586408615112305,
,0.001,939,,,
12,,939,,2.679898738861084,
12,,948,,,2.8616366386413574
12,,948,2.8402888774871826,,
,0.001,949,,,
13,,949,,2.6534414291381836,
,0.001,959,,,
13,,959,,2.7081098556518555,
,0.001,969,,,
13,,969,,2.7746918201446533,
,0.001,979,,,
13,,979,,2.8941450119018555,
,0.001,989,,,
13,,989,,2.821493625640869,
,0.001,999,,,
13,,999,,2.809821128845215,
,0.001,1009,,,
13,,1009,,2.714400291442871,
,0.001,1019,,,
13,,1019,,2.59328556060791,
13,,1021,,,3.0200562477111816
13,,1021,2.7503085136413574,,
,0.001,1029,,,
14,,1029,,2.6784586906433105,
,0.001,1039,,,
14,,1039,,2.74755859375,
,0.001,1049,,,
14,,1049,,2.626790761947632,
,0.001,1059,,,
14,,1059,,2.610285758972168,
,0.001,1069,,,
14,,1069,,2.644157886505127,
,0.001,1079,,,
14,,1079,,2.745877742767334,
,0.001,1089,,,
14,,1089,,2.661503791809082,
14,,1094,,,2.785209894180298
14,,1094,2.7033915519714355,,
,0.001,1099,,,
15,,1099,,2.695396900177002,
,0.001,1109,,,
15,,1109,,2.661449432373047,
,0.001,1119,,,
15,,1119,,2.696049213409424,
,0.001,1129,,,
15,,1129,,2.606654405593872,
,0.001,1139,,,
15,,1139,,2.7154340744018555,
,0.001,1149,,,
15,,1149,,2.731780529022217,
,0.001,1159,,,
15,,1159,,2.8014683723449707,
15,,1167,,,2.8008673191070557
15,,1167,2.633463144302368,,
,0.001,1169,,,
16,,1169,,2.504213809967041,
,0.001,1179,,,
16,,1179,,2.518977165222168,
,0.001,1189,,,
16,,1189,,2.4624667167663574,
,0.001,1199,,,
16,,1199,,2.446117877960205,
,0.001,1209,,,
16,,1209,,2.5663270950317383,
,0.001,1219,,,
16,,1219,,2.442420482635498,
,0.001,1229,,,
16,,1229,,2.4388513565063477,
,0.001,1239,,,
16,,1239,,2.569957733154297,
16,,1240,,,2.7582852840423584
16,,1240,2.529712200164795,,
,0.001,1249,,,
17,,1249,,2.5069146156311035,
,0.001,1259,,,
17,,1259,,2.455920696258545,
,0.001,1269,,,
17,,1269,,2.5846285820007324,
,0.001,1279,,,
17,,1279,,2.5282609462738037,
,0.001,1289,,,
17,,1289,,2.559553623199463,
,0.001,1299,,,
17,,1299,,2.7171735763549805,
,0.001,1309,,,
17,,1309,,2.577270269393921,
17,,1313,,,2.643712043762207
17,,1313,2.5171680450439453,,
,0.001,1319,,,
18,,1319,,2.496748924255371,
,0.001,1329,,,
18,,1329,,2.35426664352417,
,0.001,1339,,,
18,,1339,,2.1888279914855957,
,0.001,1349,,,
18,,1349,,2.3779163360595703,
,0.001,1359,,,
18,,1359,,2.3378942012786865,
,0.001,1369,,,
18,,1369,,2.4336905479431152,
,0.001,1379,,,
18,,1379,,2.1964383125305176,
18,,1386,,,2.60903000831604
18,,1386,2.4078328609466553,,
,0.001,1389,,,
19,,1389,,2.2946183681488037,
,0.001,1399,,,
19,,1399,,2.3067312240600586,
,0.001,1409,,,
19,,1409,,2.4078094959259033,
,0.001,1419,,,
19,,1419,,2.3748302459716797,
,0.001,1429,,,
19,,1429,,2.378462314605713,
,0.001,1439,,,
19,,1439,,2.377798557281494,
,0.001,1449,,,
19,,1449,,2.444672107696533,
,0.001,1459,,,
19,,1459,,0.7398151159286499,
19,,1459,,,2.6051909923553467
19,,1459,2.3817596435546875,,
,0.001,1469,,,
20,,1469,,2.362699031829834,
,0.001,1479,,,
20,,1479,,2.143112897872925,
,0.001,1489,,,
20,,1489,,2.209624767303467,
,0.001,1499,,,
20,,1499,,2.4272608757019043,
,0.001,1509,,,
20,,1509,,2.3287389278411865,
,0.001,1519,,,
20,,1519,,2.2443783283233643,
,0.001,1529,,,
20,,1529,,2.4441285133361816,
20,,1532,,,2.685929298400879
20,,1532,2.2974693775177,,
,0.001,1539,,,
21,,1539,,2.152179718017578,
,0.001,1549,,,
21,,1549,,2.249458074569702,
,0.001,1559,,,
21,,1559,,2.263768434524536,
,0.001,1569,,,
21,,1569,,2.3251819610595703,
,0.001,1579,,,
21,,1579,,2.245701313018799,
,0.001,1589,,,
21,,1589,,2.144718647003174,
,0.001,1599,,,
21,,1599,,2.184581756591797,
21,,1605,,,2.568781614303589
21,,1605,2.276759147644043,,
,0.001,1609,,,
22,,1609,,2.149629592895508,
,0.001,1619,,,
22,,1619,,2.1203951835632324,
,0.001,1629,,,
22,,1629,,2.1108014583587646,
,0.001,1639,,,
22,,1639,,2.1989927291870117,
,0.001,1649,,,
22,,1649,,2.1549320220947266,
,0.001,1659,,,
22,,1659,,2.092576503753662,
,0.001,1669,,,
22,,1669,,2.186098575592041,
22,,1678,,,2.472775459289551
22,,1678,2.173295259475708,,
,0.001,1679,,,
23,,1679,,2.207106590270996,
,0.001,1689,,,
23,,1689,,2.0458381175994873,
,0.001,1699,,,
23,,1699,,2.1970748901367188,
,0.001,1709,,,
23,,1709,,2.106213092803955,
,0.001,1719,,,
23,,1719,,2.2372078895568848,
,0.001,1729,,,
23,,1729,,2.146395683288574,
,0.001,1739,,,
23,,1739,,2.1915407180786133,
,0.001,1749,,,
23,,1749,,2.0250625610351562,
23,,1751,,,2.5113606452941895
23,,1751,2.137812614440918,,
,0.001,1759,,,
24,,1759,,2.250425100326538,
,0.001,1769,,,
24,,1769,,1.9867639541625977,
,0.001,1779,,,
24,,1779,,2.128781795501709,
,0.001,1789,,,
24,,1789,,2.0614707469940186,
,0.001,1799,,,
24,,1799,,2.0968499183654785,
,0.001,1809,,,
24,,1809,,2.0032098293304443,
,0.001,1819,,,
24,,1819,,2.1119399070739746,
24,,1824,,,2.407848596572876
24,,1824,2.1080708503723145,,
,0.001,1829,,,
25,,1829,,2.0617518424987793,
,0.001,1839,,,
25,,1839,,2.0260722637176514,
,0.001,1849,,,
25,,1849,,1.9996716976165771,
,0.001,1859,,,
25,,1859,,1.876366138458252,
,0.001,1869,,,
25,,1869,,2.001398801803589,
,0.001,1879,,,
25,,1879,,2.1092700958251953,
,0.001,1889,,,
25,,1889,,1.8879449367523193,
25,,1897,,,2.5620691776275635
25,,1897,2.0238242149353027,,
,0.001,1899,,,
26,,1899,,2.1048521995544434,
,0.001,1909,,,
26,,1909,,2.0073068141937256,
,0.001,1919,,,
26,,1919,,1.9984105825424194,
,0.001,1929,,,
26,,1929,,1.896935224533081,
,0.001,1939,,,
26,,1939,,2.0727272033691406,
,0.001,1949,,,
26,,1949,,1.9504809379577637,
,0.001,1959,,,
26,,1959,,1.8985586166381836,
,0.001,1969,,,
26,,1969,,2.210507869720459,
26,,1970,,,2.570854425430298
26,,1970,2.0315968990325928,,
,0.001,1979,,,
27,,1979,,2.0176219940185547,
,0.001,1989,,,
27,,1989,,2.132835865020752,
,0.001,1999,,,
27,,1999,,1.9514487981796265,
,0.001,2009,,,
27,,2009,,1.9867254495620728,
,0.001,2019,,,
27,,2019,,2.153329849243164,
,0.001,2029,,,
27,,2029,,1.8582448959350586,
,0.001,2039,,,
27,,2039,,1.9514268636703491,
27,,2043,,,2.547848701477051
27,,2043,2.011202335357666,,
,0.001,2049,,,
28,,2049,,1.9657282829284668,
,0.001,2059,,,
28,,2059,,2.0519275665283203,
,0.001,2069,,,
28,,2069,,2.0001871585845947,
,0.001,2079,,,
28,,2079,,1.918778896331787,
,0.001,2089,,,
28,,2089,,2.1019790172576904,
,0.001,2099,,,
28,,2099,,2.0650949478149414,
,0.001,2109,,,
28,,2109,,2.039822578430176,
28,,2116,,,2.4212827682495117
28,,2116,1.992601990699768,,
,0.001,2119,,,
29,,2119,,2.02376389503479,
,0.001,2129,,,
29,,2129,,1.8928489685058594,
,0.001,2139,,,
29,,2139,,1.9170609712600708,
,0.001,2149,,,
29,,2149,,1.9097900390625,
,0.001,2159,,,
29,,2159,,1.9107911586761475,
,0.001,2169,,,
29,,2169,,2.018131971359253,
,0.001,2179,,,
29,,2179,,1.9401943683624268,
,0.001,2189,,,
29,,2189,,0.658338189125061,
29,,2189,,,2.4688010215759277
29,,2189,1.9084914922714233,,
,0.001,2199,,,
30,,2199,,1.926842451095581,
,0.001,2209,,,
30,,2209,,1.9459691047668457,
,0.001,2219,,,
30,,2219,,1.9471420049667358,
,0.001,2229,,,
30,,2229,,1.895636796951294,
,0.001,2239,,,
30,,2239,,1.9555590152740479,
,0.001,2249,,,
30,,2249,,1.8814280033111572,
,0.001,2259,,,
30,,2259,,1.8089885711669922,
30,,2262,,,2.478821277618408
30,,2262,1.8799830675125122,,
,0.001,2269,,,
31,,2269,,1.7606858015060425,
,0.001,2279,,,
31,,2279,,1.7892165184020996,
,0.001,2289,,,
31,,2289,,1.8121614456176758,
,0.001,2299,,,
31,,2299,,1.947511911392212,
,0.001,2309,,,
31,,2309,,1.7789101600646973,
,0.001,2319,,,
31,,2319,,1.84926438331604,
,0.001,2329,,,
31,,2329,,1.874448299407959,
31,,2335,,,2.3637535572052
31,,2335,1.8348796367645264,,
,0.001,2339,,,
32,,2339,,1.8325421810150146,
,0.001,2349,,,
32,,2349,,1.7669342756271362,
,0.001,2359,,,
32,,2359,,1.7579180002212524,
,0.001,2369,,,
32,,2369,,1.828748106956482,
,0.001,2379,,,
32,,2379,,1.7756128311157227,
,0.001,2389,,,
32,,2389,,1.8517851829528809,
,0.001,2399,,,
32,,2399,,1.8631646633148193,
32,,2408,,,2.6017649173736572
32,,2408,1.8011558055877686,,
,0.001,2409,,,
33,,2409,,1.9702587127685547,
,0.001,2419,,,
33,,2419,,1.9385452270507812,
,0.001,2429,,,
33,,2429,,1.764458417892456,
,0.001,2439,,,
33,,2439,,1.83290433883667,
,0.001,2449,,,
33,,2449,,1.6927549839019775,
,0.001,2459,,,
33,,2459,,1.7540587186813354,
,0.001,2469,,,
33,,2469,,1.7779698371887207,
,0.001,2479,,,
33,,2479,,1.7570910453796387,
33,,2481,,,2.3629608154296875
33,,2481,1.7832939624786377,,
,0.001,2489,,,
34,,2489,,1.71614670753479,
,0.001,2499,,,
34,,2499,,1.733771800994873,
,0.001,2509,,,
34,,2509,,1.5749562978744507,
,0.001,2519,,,
34,,2519,,1.6721606254577637,
,0.001,2529,,,
34,,2529,,1.7054123878479004,
,0.001,2539,,,
34,,2539,,1.7638366222381592,
,0.001,2549,,,
34,,2549,,1.678736686706543,
34,,2554,,,2.2899694442749023
34,,2554,1.7208151817321777,,
,0.001,2559,,,
35,,2559,,1.7165204286575317,
,0.001,2569,,,
35,,2569,,1.6127411127090454,
,0.001,2579,,,
35,,2579,,1.67781662940979,
,0.001,2589,,,
35,,2589,,1.5471614599227905,
,0.001,2599,,,
35,,2599,,1.77107834815979,
,0.001,2609,,,
35,,2609,,1.6700106859207153,
,0.001,2619,,,
35,,2619,,1.665151834487915,
35,,2627,,,2.3372342586517334
35,,2627,1.6949715614318848,,
,0.001,2629,,,
36,,2629,,1.6180565357208252,
,0.001,2639,,,
36,,2639,,1.6065819263458252,
,0.001,2649,,,
36,,2649,,1.6856176853179932,
,0.001,2659,,,
36,,2659,,1.6737747192382812,
,0.001,2669,,,
36,,2669,,1.6643342971801758,
,0.001,2679,,,
36,,2679,,1.522383451461792,
,0.001,2689,,,
36,,2689,,1.5527479648590088,
,0.001,2699,,,
36,,2699,,1.6387550830841064,
36,,2700,,,2.3062355518341064
36,,2700,1.6399873495101929,,
,0.001,2709,,,
37,,2709,,1.6250675916671753,
,0.001,2719,,,
37,,2719,,1.6811997890472412,
,0.001,2729,,,
37,,2729,,1.6646676063537598,
,0.001,2739,,,
37,,2739,,1.6023733615875244,
,0.001,2749,,,
37,,2749,,1.6439993381500244,
,0.001,2759,,,
37,,2759,,1.6270887851715088,
,0.001,2769,,,
37,,2769,,1.693652629852295,
37,,2773,,,2.4783761501312256
37,,2773,1.6438541412353516,,
,0.001,2779,,,
38,,2779,,1.6286895275115967,
,0.001,2789,,,
38,,2789,,1.7512753009796143,
,0.001,2799,,,
38,,2799,,1.7666399478912354,
,0.001,2809,,,
38,,2809,,1.7637650966644287,
,0.001,2819,,,
38,,2819,,1.5863590240478516,
,0.001,2829,,,
38,,2829,,1.6396524906158447,
,0.001,2839,,,
38,,2839,,1.6813817024230957,
38,,2846,,,2.373152256011963
38,,2846,1.681708812713623,,
,0.001,2849,,,
39,,2849,,1.5646476745605469,
,0.001,2859,,,
39,,2859,,1.6864039897918701,
,0.001,2869,,,
39,,2869,,1.6951966285705566,
,0.001,2879,,,
39,,2879,,1.556061029434204,
,0.001,2889,,,
39,,2889,,1.7021596431732178,
,0.001,2899,,,
39,,2899,,1.6051034927368164,
,0.001,2909,,,
39,,2909,,1.5712950229644775,
,0.001,2919,,,
39,,2919,,0.5963279008865356,
39,,2919,,,2.420368194580078
39,,2919,1.6222833395004272,,
,0.001,2929,,,
40,,2929,,1.7677743434906006,
,0.001,2939,,,
40,,2939,,1.6292126178741455,
,0.001,2949,,,
40,,2949,,1.4742106199264526,
,0.001,2959,,,
40,,2959,,1.6087322235107422,
,0.001,2969,,,
40,,2969,,1.6355305910110474,
,0.001,2979,,,
40,,2979,,1.5878548622131348,
,0.001,2989,,,
40,,2989,,1.5972609519958496,
40,,2992,,,2.3020341396331787
40,,2992,1.5947227478027344,,
,0.001,2999,,,
41,,2999,,1.480064868927002,
,0.001,3009,,,
41,,3009,,1.5301103591918945,
,0.001,3019,,,
41,,3019,,1.5438950061798096,
,0.001,3029,,,
41,,3029,,1.4037840366363525,
,0.001,3039,,,
41,,3039,,1.5195767879486084,
,0.001,3049,,,
41,,3049,,1.4685781002044678,
,0.001,3059,,,
41,,3059,,1.6628756523132324,
41,,3065,,,2.389610528945923
41,,3065,1.5449464321136475,,
,0.001,3069,,,
42,,3069,,1.4741274118423462,
,0.001,3079,,,
42,,3079,,1.543534278869629,
,0.001,3089,,,
42,,3089,,1.4576807022094727,
,0.001,3099,,,
42,,3099,,1.4241001605987549,
,0.001,3109,,,
42,,3109,,1.5756819248199463,
,0.001,3119,,,
42,,3119,,1.5396618843078613,
,0.001,3129,,,
42,,3129,,1.5326495170593262,
42,,3138,,,2.4001290798187256
42,,3138,1.5248439311981201,,
,0.001,3139,,,
43,,3139,,1.6578086614608765,
,0.001,3149,,,
43,,3149,,1.447420358657837,
,0.001,3159,,,
43,,3159,,1.4477777481079102,
,0.001,3169,,,
43,,3169,,1.5483587980270386,
,0.001,3179,,,
43,,3179,,1.5484809875488281,
,0.001,3189,,,
43,,3189,,1.5388683080673218,
,0.001,3199,,,
43,,3199,,1.5788971185684204,
,0.001,3209,,,
43,,3209,,1.5731191635131836,
43,,3211,,,2.395656108856201
43,,3211,1.5325592756271362,,
,0.001,3219,,,
44,,3219,,1.479302167892456,
,0.001,3229,,,
44,,3229,,1.485440731048584,
,0.001,3239,,,
44,,3239,,1.5567843914031982,
,0.001,3249,,,
44,,3249,,1.5473464727401733,
,0.001,3259,,,
44,,3259,,1.4533668756484985,
,0.001,3269,,,
44,,3269,,1.4649732112884521,
,0.001,3279,,,
44,,3279,,1.5973560810089111,
44,,3284,,,2.3534646034240723
44,,3284,1.4899030923843384,,
,0.001,3289,,,
45,,3289,,1.5012989044189453,
,0.001,3299,,,
45,,3299,,1.4477767944335938,
,0.001,3309,,,
45,,3309,,1.5013432502746582,
,0.001,3319,,,
45,,3319,,1.5054495334625244,
,0.001,3329,,,
45,,3329,,1.4461089372634888,
,0.001,3339,,,
45,,3339,,1.4600871801376343,
,0.001,3349,,,
45,,3349,,1.5294071435928345,
45,,3357,,,2.2523083686828613
45,,3357,1.4683805704116821,,
,0.001,3359,,,
46,,3359,,1.3865565061569214,
,0.001,3369,,,
46,,3369,,1.486217737197876,
,0.001,3379,,,
46,,3379,,1.4278507232666016,
,0.001,3389,,,
46,,3389,,1.4278690814971924,
,0.001,3399,,,
46,,3399,,1.422969102859497,
,0.001,3409,,,
46,,3409,,1.4619810581207275,
,0.001,3419,,,
46,,3419,,1.3930180072784424,
,0.001,3429,,,
46,,3429,,1.5015544891357422,
46,,3430,,,2.2912375926971436
46,,3430,1.4558584690093994,,
,0.001,3439,,,
47,,3439,,1.4365648031234741,
,0.001,3449,,,
47,,3449,,1.3548448085784912,
,0.001,3459,,,
47,,3459,,1.3808767795562744,
,0.001,3469,,,
47,,3469,,1.424511432647705,
,0.001,3479,,,
47,,3479,,1.4419968128204346,
,0.001,3489,,,
47,,3489,,1.383094310760498,
,0.001,3499,,,
47,,3499,,1.5606541633605957,
47,,3503,,,2.334635019302368
47,,3503,1.4300179481506348,,
,0.001,3509,,,
48,,3509,,1.376741647720337,
,0.001,3519,,,
48,,3519,,1.436213731765747,
,0.001,3529,,,
48,,3529,,1.3384692668914795,
,0.001,3539,,,
48,,3539,,1.3940573930740356,
,0.001,3549,,,
48,,3549,,1.3716042041778564,
,0.001,3559,,,
48,,3559,,1.496927261352539,
,0.001,3569,,,
48,,3569,,1.4559485912322998,
48,,3576,,,2.3435745239257812
48,,3576,1.4054752588272095,,
,0.001,3579,,,
49,,3579,,1.4536113739013672,
,0.001,3589,,,
49,,3589,,1.4432928562164307,
,0.001,3599,,,
49,,3599,,1.41891610622406,
,0.001,3609,,,
49,,3609,,1.351387619972229,
,0.001,3619,,,
49,,3619,,1.3471940755844116,
,0.001,3629,,,
49,,3629,,1.2755188941955566,
,0.001,3639,,,
49,,3639,,1.420769453048706,
,0.001,3649,,,
49,,3649,,0.24927975237369537,
49,,3649,,,2.3309357166290283
49,,3649,1.3934674263000488,,
,0.001,3659,,,
50,,3659,,1.416418194770813,
,0.001,3669,,,
50,,3669,,1.4402716159820557,
,0.001,3679,,,
50,,3679,,1.3784924745559692,
,0.001,3689,,,
50,,3689,,1.5945987701416016,
,0.001,3699,,,
50,,3699,,1.4048619270324707,
,0.001,3709,,,
50,,3709,,1.3312551975250244,
,0.001,3719,,,
50,,3719,,1.4805012941360474,
50,,3722,,,2.39394474029541
50,,3722,1.4006506204605103,,
,0.001,3729,,,
51,,3729,,1.3565568923950195,
,0.001,3739,,,
51,,3739,,1.4688200950622559,
,0.001,3749,,,
51,,3749,,1.4213438034057617,
,0.001,3759,,,
51,,3759,,1.3493931293487549,
,0.001,3769,,,
51,,3769,,1.3778390884399414,
,0.001,3779,,,
51,,3779,,1.3904752731323242,
,0.001,3789,,,
51,,3789,,1.4470666646957397,
51,,3795,,,2.286670207977295
51,,3795,1.379264235496521,,
,0.001,3799,,,
52,,3799,,1.332200288772583,
,0.001,3809,,,
52,,3809,,1.3187921047210693,
,0.001,3819,,,
52,,3819,,1.3309695720672607,
,0.001,3829,,,
52,,3829,,1.3798929452896118,
,0.001,3839,,,
52,,3839,,1.3357138633728027,
,0.001,3849,,,
52,,3849,,1.447009801864624,
,0.001,3859,,,
52,,3859,,1.4467393159866333,
52,,3868,,,2.318016767501831
52,,3868,1.3423951864242554,,
,0.001,3869,,,
53,,3869,,1.3756036758422852,
,0.001,3879,,,
53,,3879,,1.2930996417999268,
,0.001,3889,,,
53,,3889,,1.3486664295196533,
,0.001,3899,,,
53,,3899,,1.2376673221588135,
,0.001,3909,,,
53,,3909,,1.2676517963409424,
,0.001,3919,,,
53,,3919,,1.3136979341506958,
,0.001,3929,,,
53,,3929,,1.4021062850952148,
,0.001,3939,,,
53,,3939,,1.386400580406189,
53,,3941,,,2.3620879650115967
53,,3941,1.327556848526001,,
,0.001,3949,,,
54,,3949,,1.3606410026550293,
,0.001,3959,,,
54,,3959,,1.3044472932815552,
,0.001,3969,,,
54,,3969,,1.3734151124954224,
,0.001,3979,,,
54,,3979,,1.2998589277267456,
,0.001,3989,,,
54,,3989,,1.3175381422042847,
,0.001,3999,,,
54,,3999,,1.4535644054412842,
,0.001,4009,,,
54,,4009,,1.3461267948150635,
54,,4014,,,2.3463521003723145
54,,4014,1.335984230041504,,
,0.001,4019,,,
55,,4019,,1.231508493423462,
,0.001,4029,,,
55,,4029,,1.2848106622695923,
,0.001,4039,,,
55,,4039,,1.3072479963302612,
,0.001,4049,,,
55,,4049,,1.3244205713272095,
,0.001,4059,,,
55,,4059,,1.2475709915161133,
,0.001,4069,,,
55,,4069,,1.2799947261810303,
,0.001,4079,,,
55,,4079,,1.3420735597610474,
55,,4087,,,2.3318676948547363
55,,4087,1.2967023849487305,,
,0.001,4089,,,
56,,4089,,1.273463249206543,
,0.001,4099,,,
56,,4099,,1.381330132484436,
,0.001,4109,,,
56,,4109,,1.2968900203704834,
,0.001,4119,,,
56,,4119,,1.2716172933578491,
,0.001,4129,,,
56,,4129,,1.2482702732086182,
,0.001,4139,,,
56,,4139,,1.369035243988037,
,0.001,4149,,,
56,,4149,,1.3536036014556885,
,0.001,4159,,,
56,,4159,,1.2684588432312012,
56,,4160,,,2.289201021194458
56,,4160,1.3137141466140747,,
,0.001,4169,,,
57,,4169,,1.2345689535140991,
,0.001,4179,,,
57,,4179,,1.33457350730896,
,0.001,4189,,,
57,,4189,,1.2247551679611206,
,0.001,4199,,,
57,,4199,,1.2733920812606812,
,0.001,4209,,,
57,,4209,,1.3512322902679443,
,0.001,4219,,,
57,,4219,,1.2400317192077637,
,0.001,4229,,,
57,,4229,,1.3042750358581543,
57,,4233,,,2.294987678527832
57,,4233,1.2957919836044312,,
,0.001,4239,,,
58,,4239,,1.2074503898620605,
,0.001,4249,,,
58,,4249,,1.206925630569458,
,0.001,4259,,,
58,,4259,,1.2259571552276611,
,0.001,4269,,,
58,,4269,,1.3282740116119385,
,0.001,4279,,,
58,,4279,,1.3517513275146484,
,0.001,4289,,,
58,,4289,,1.3072724342346191,
,0.001,4299,,,
58,,4299,,1.2517788410186768,
58,,4306,,,2.3967859745025635
58,,4306,1.2889912128448486,,
,0.001,4309,,,
59,,4309,,1.434006690979004,
,0.001,4319,,,
59,,4319,,1.2208952903747559,
,0.001,4329,,,
59,,4329,,1.292405128479004,
,0.001,4339,,,
59,,4339,,1.258701205253601,
,0.001,4349,,,
59,,4349,,1.3032580614089966,
,0.001,4359,,,
59,,4359,,1.2717115879058838,
,0.001,4369,,,
59,,4369,,1.1740009784698486,
,0.001,4379,,,
59,,4379,,0.25604644417762756,
59,,4379,,,2.3624119758605957
59,,4379,1.274600863456726,,
,0.001,4389,,,
60,,4389,,1.314439296722412,
,0.001,4399,,,
60,,4399,,1.230850100517273,
,0.001,4409,,,
60,,4409,,1.249199628829956,
,0.001,4419,,,
60,,4419,,1.2218708992004395,
,0.001,4429,,,
60,,4429,,1.3163384199142456,
,0.001,4439,,,
60,,4439,,1.235551118850708,
,0.001,4449,,,
60,,4449,,1.2313587665557861,
60,,4452,,,2.2802536487579346
60,,4452,1.263382911682129,,
,0.001,4459,,,
61,,4459,,1.1789307594299316,
,0.001,4469,,,
61,,4469,,1.1218440532684326,
,0.001,4479,,,
61,,4479,,1.1447768211364746,
,0.001,4489,,,
61,,4489,,1.2380375862121582,
,0.001,4499,,,
61,,4499,,1.223483681678772,
,0.001,4509,,,
61,,4509,,1.232059121131897,
,0.001,4519,,,
61,,4519,,1.219735026359558,
61,,4525,,,2.3187036514282227
61,,4525,1.2250779867172241,,
,0.001,4529,,,
62,,4529,,1.2196946144104004,
,0.001,4539,,,
62,,4539,,1.2779080867767334,
,0.001,4549,,,
62,,4549,,1.23065185546875,
,0.001,4559,,,
62,,4559,,1.1520071029663086,
,0.001,4569,,,
62,,4569,,1.2401165962219238,
,0.001,4579,,,
62,,4579,,1.2087275981903076,
,0.001,4589,,,
62,,4589,,1.1654694080352783,
62,,4598,,,2.2941837310791016
62,,4598,1.228613018989563,,
,0.001,4599,,,
63,,4599,,1.3171517848968506,
,0.001,4609,,,
63,,4609,,1.1824663877487183,
,0.001,4619,,,
63,,4619,,1.2978503704071045,
,0.001,4629,,,
63,,4629,,1.1866226196289062,
,0.001,4639,,,
63,,4639,,1.2081754207611084,
,0.001,4649,,,
63,,4649,,1.2004075050354004,
,0.001,4659,,,
63,,4659,,1.1756467819213867,
,0.001,4669,,,
63,,4669,,1.2854909896850586,
63,,4671,,,2.1991186141967773
63,,4671,1.2231011390686035,,
,0.001,4679,,,
64,,4679,,1.1835829019546509,
,0.001,4689,,,
64,,4689,,1.2013440132141113,
,0.001,4699,,,
64,,4699,,1.2238469123840332,
,0.001,4709,,,
64,,4709,,1.1779985427856445,
,0.001,4719,,,
64,,4719,,1.1753900051116943,
,0.001,4729,,,
64,,4729,,1.1396105289459229,
,0.001,4739,,,
64,,4739,,1.1773743629455566,
64,,4744,,,2.26763653755188
64,,4744,1.2029764652252197,,
,0.001,4749,,,
65,,4749,,1.1510287523269653,
,0.001,4759,,,
65,,4759,,1.2362717390060425,
,0.001,4769,,,
65,,4769,,1.2319743633270264,
,0.001,4779,,,
65,,4779,,1.1749770641326904,
,0.001,4789,,,
65,,4789,,1.1474699974060059,
,0.001,4799,,,
65,,4799,,1.211538314819336,
,0.001,4809,,,
65,,4809,,1.143786072731018,
65,,4817,,,2.2030551433563232
65,,4817,1.1745481491088867,,
,0.001,4819,,,
66,,4819,,1.1753278970718384,
,0.001,4829,,,
66,,4829,,1.139770269393921,
,0.001,4839,,,
66,,4839,,1.2349975109100342,
,0.001,4849,,,
66,,4849,,1.1731951236724854,
,0.001,4859,,,
66,,4859,,1.1916086673736572,
,0.001,4869,,,
66,,4869,,1.1113332509994507,
,0.001,4879,,,
66,,4879,,1.3122103214263916,
,0.001,4889,,,
66,,4889,,1.1637042760849,
66,,4890,,,2.243393659591675
66,,4890,1.174536943435669,,
,0.001,4899,,,
67,,4899,,1.1776241064071655,
,0.001,4909,,,
67,,4909,,1.1390366554260254,
,0.001,4919,,,
67,,4919,,1.198645830154419,
,0.001,4929,,,
67,,4929,,1.095932960510254,
,0.001,4939,,,
67,,4939,,1.2008483409881592,
,0.001,4949,,,
67,,4949,,1.191572666168213,
,0.001,4959,,,
67,,4959,,1.2910254001617432,
67,,4963,,,2.2616167068481445
67,,4963,1.167366623878479,,
,0.001,4969,,,
68,,4969,,1.2609666585922241,
,0.001,4979,,,
68,,4979,,1.1413322687149048,
,0.001,4989,,,
68,,4989,,1.12406325340271,
,0.001,4999,,,
68,,4999,,1.1867755651474,
,0.001,5009,,,
68,,5009,,1.1733165979385376,
,0.001,5019,,,
68,,5019,,1.118302822113037,
,0.001,5029,,,
68,,5029,,1.135371446609497,
68,,5036,,,2.2148518562316895
68,,5036,1.1532524824142456,,
,0.001,5039,,,
69,,5039,,1.1649115085601807,
,0.001,5049,,,
69,,5049,,1.1151145696640015,
,0.001,5059,,,
69,,5059,,1.148137092590332,
,0.001,5069,,,
69,,5069,,1.104814887046814,
,0.001,5079,,,
69,,5079,,1.1111841201782227,
,0.001,5089,,,
69,,5089,,1.201131820678711,
,0.001,5099,,,
69,,5099,,1.1403489112854004,
,0.001,5109,,,
69,,5109,,0.19964627921581268,
69,,5109,,,2.219693899154663
69,,5109,1.145901083946228,,
,0.001,5119,,,
70,,5119,,1.0894622802734375,
,0.001,5129,,,
70,,5129,,1.1361490488052368,
,0.001,5139,,,
70,,5139,,1.1722562313079834,
,0.001,5149,,,
70,,5149,,1.137533187866211,
,0.001,5159,,,
70,,5159,,1.182342529296875,
,0.001,5169,,,
70,,5169,,1.1581652164459229,
,0.001,5179,,,
70,,5179,,1.1665432453155518,
70,,5182,,,2.2173726558685303
70,,5182,1.1429811716079712,,
,0.001,5189,,,
71,,5189,,1.067984700202942,
,0.001,5199,,,
71,,5199,,1.1441874504089355,
,0.001,5209,,,
71,,5209,,1.1244456768035889,
,0.001,5219,,,
71,,5219,,1.1583068370819092,
,0.001,5229,,,
71,,5229,,1.1090909242630005,
,0.001,5239,,,
71,,5239,,1.1771653890609741,
,0.001,5249,,,
71,,5249,,1.1231849193572998,
71,,5255,,,2.1475579738616943
71,,5255,1.1498383283615112,,
,0.001,5259,,,
72,,5259,,1.1589643955230713,
,0.001,5269,,,
72,,5269,,1.0065562725067139,
,0.001,5279,,,
72,,5279,,1.1107465028762817,
,0.001,5289,,,
72,,5289,,1.1124616861343384,
,0.001,5299,,,
72,,5299,,1.1336116790771484,
,0.001,5309,,,
72,,5309,,1.1964764595031738,
,0.001,5319,,,
72,,5319,,1.257049322128296,
72,,5328,,,2.2616400718688965
72,,5328,1.1264055967330933,,
,0.001,5329,,,
73,,5329,,1.2969403266906738,
,0.001,5339,,,
73,,5339,,1.0709822177886963,
,0.001,5349,,,
73,,5349,,1.1258889436721802,
,0.001,5359,,,
73,,5359,,1.166139006614685,
,0.001,5369,,,
73,,5369,,1.1655024290084839,
,0.001,5379,,,
73,,5379,,1.1927967071533203,
,0.001,5389,,,
73,,5389,,1.0890966653823853,
,0.001,5399,,,
73,,5399,,1.1113786697387695,
73,,5401,,,2.167762279510498
73,,5401,1.1195727586746216,,
,0.001,5409,,,
74,,5409,,1.0680263042449951,
,0.001,5419,,,
74,,5419,,1.0814204216003418,
,0.001,5429,,,
74,,5429,,1.0915597677230835,
,0.001,5439,,,
74,,5439,,1.1527291536331177,
,0.001,5449,,,
74,,5449,,1.1207060813903809,
,0.001,5459,,,
74,,5459,,1.091426134109497,
,0.001,5469,,,
74,,5469,,1.017012357711792,
74,,5474,,,2.208940029144287
74,,5474,1.0986251831054688,,
,0.001,5479,,,
75,,5479,,1.0812946557998657,
,0.001,5489,,,
75,,5489,,1.0590546131134033,
,0.001,5499,,,
75,,5499,,1.057796835899353,
,0.001,5509,,,
75,,5509,,1.0267159938812256,
,0.001,5519,,,
75,,5519,,1.1223441362380981,
,0.001,5529,,,
75,,5529,,1.193582534790039,
,0.001,5539,,,
75,,5539,,1.107198715209961,
75,,5547,,,2.207210063934326
75,,5547,1.1008384227752686,,
,0.001,5549,,,
76,,5549,,1.041892170906067,
,0.001,5559,,,
76,,5559,,1.047062873840332,
,0.001,5569,,,
76,,5569,,1.09371018409729,
,0.001,5579,,,
76,,5579,,1.0508143901824951,
,0.001,5589,,,
76,,5589,,1.0498535633087158,
,0.001,5599,,,
76,,5599,,1.1633373498916626,
,0.001,5609,,,
76,,5609,,1.1215206384658813,
,0.001,5619,,,
76,,5619,,1.0458946228027344,
76,,5620,,,2.2358028888702393
76,,5620,1.0896226167678833,,
,0.001,5629,,,
77,,5629,,1.0772840976715088,
,0.001,5639,,,
77,,5639,,1.1166746616363525,
,0.001,5649,,,
77,,5649,,1.1084634065628052,
,0.001,5659,,,
77,,5659,,1.0564755201339722,
,0.001,5669,,,
77,,5669,,1.069807529449463,
,0.001,5679,,,
77,,5679,,1.0222089290618896,
,0.001,5689,,,
77,,5689,,1.0998872518539429,
77,,5693,,,2.2084908485412598
77,,5693,1.0899721384048462,,
,0.001,5699,,,
78,,5699,,0.9864014387130737,
,0.001,5709,,,
78,,5709,,1.1095190048217773,
,0.001,5719,,,
78,,5719,,1.051743984222412,
,0.001,5729,,,
78,,5729,,1.1168417930603027,
,0.001,5739,,,
78,,5739,,1.0381146669387817,
,0.001,5749,,,
78,,5749,,1.0982224941253662,
,0.001,5759,,,
78,,5759,,1.0709083080291748,
78,,5766,,,2.1584930419921875
78,,5766,1.063783884048462,,
,0.001,5769,,,
79,,5769,,1.0523492097854614,
,0.001,5779,,,
79,,5779,,1.0068141222000122,
,0.001,5789,,,
79,,5789,,1.0578880310058594,
,0.001,5799,,,
79,,5799,,1.012969732284546,
,0.001,5809,,,
79,,5809,,1.0723984241485596,
,0.001,5819,,,
79,,5819,,1.0646557807922363,
,0.001,5829,,,
79,,5829,,1.0534054040908813,
,0.001,5839,,,
79,,5839,,0.13885219395160675,
79,,5839,,,2.1979711055755615
79,,5839,1.0602282285690308,,
,0.001,5849,,,
80,,5849,,1.0787453651428223,
,0.001,5859,,,
80,,5859,,1.0034000873565674,
,0.001,5869,,,
80,,5869,,0.9827454090118408,
,0.001,5879,,,
80,,5879,,1.0579277276992798,
,0.001,5889,,,
80,,5889,,0.9600531458854675,
,0.001,5899,,,
80,,5899,,1.0674409866333008,
,0.001,5909,,,
80,,5909,,1.055477499961853,
80,,5912,,,2.2559814453125
80,,5912,1.0429823398590088,,
,0.001,5919,,,
81,,5919,,1.0378663539886475,
,0.001,5929,,,
81,,5929,,1.018327236175537,
,0.001,5939,,,
81,,5939,,1.0752623081207275,
,0.001,5949,,,
81,,5949,,1.0236315727233887,
,0.001,5959,,,
81,,5959,,1.0643393993377686,
,0.001,5969,,,
81,,5969,,1.064591646194458,
,0.001,5979,,,
81,,5979,,1.1211011409759521,
81,,5985,,,2.1475584506988525
81,,5985,1.0463775396347046,,
,0.001,5989,,,
82,,5989,,1.1578657627105713,
,0.001,5999,,,
82,,5999,,0.984611988067627,
,0.001,6009,,,
82,,6009,,1.0582809448242188,
,0.001,6019,,,
82,,6019,,1.0929503440856934,
,0.001,6029,,,
82,,6029,,1.026904582977295,
,0.001,6039,,,
82,,6039,,1.0513522624969482,
,0.001,6049,,,
82,,6049,,1.0844426155090332,
82,,6058,,,2.1530911922454834
82,,6058,1.044350028038025,,
,0.001,6059,,,
83,,6059,,1.0646482706069946,
,0.001,6069,,,
83,,6069,,1.016801357269287,
,0.001,6079,,,
83,,6079,,1.0287740230560303,
,0.001,6089,,,
83,,6089,,1.0361377000808716,
,0.001,6099,,,
83,,6099,,1.0754458904266357,
,0.001,6109,,,
83,,6109,,0.9900605082511902,
,0.001,6119,,,
83,,6119,,1.0372234582901,
,0.001,6129,,,
83,,6129,,0.9520033597946167,
83,,6131,,,2.152374744415283
83,,6131,1.0457372665405273,,
,0.001,6139,,,
84,,6139,,1.0260648727416992,
,0.001,6149,,,
84,,6149,,1.0233511924743652,
,0.001,6159,,,
84,,6159,,0.9793108701705933,
,0.001,6169,,,
84,,6169,,1.0121318101882935,
,0.001,6179,,,
84,,6179,,1.0609869956970215,
,0.001,6189,,,
84,,6189,,1.0925202369689941,
,0.001,6199,,,
84,,6199,,1.00766122341156,
84,,6204,,,2.2422125339508057
84,,6204,1.0128792524337769,,
,0.001,6209,,,
85,,6209,,0.9291960597038269,
,0.001,6219,,,
85,,6219,,0.9747143983840942,
,0.001,6229,,,
85,,6229,,1.0272403955459595,
,0.001,6239,,,
85,,6239,,1.0035419464111328,
,0.001,6249,,,
85,,6249,,1.024217963218689,
,0.001,6259,,,
85,,6259,,1.0392343997955322,
,0.001,6269,,,
85,,6269,,1.0566374063491821,
85,,6277,,,2.163158655166626
85,,6277,1.0131175518035889,,
,0.001,6279,,,
86,,6279,,1.0012502670288086,
,0.001,6289,,,
86,,6289,,1.0412275791168213,
,0.001,6299,,,
86,,6299,,0.9838168621063232,
,0.001,6309,,,
86,,6309,,0.9682731628417969,
,0.001,6319,,,
86,,6319,,0.9767996668815613,
,0.001,6329,,,
86,,6329,,1.0325019359588623,
,0.001,6339,,,
86,,6339,,0.9945888519287109,
,0.001,6349,,,
86,,6349,,0.9696528911590576,
86,,6350,,,2.1345252990722656
86,,6350,1.0067644119262695,,
,0.001,6359,,,
87,,6359,,0.970873236656189,
,0.001,6369,,,
87,,6369,,1.0337114334106445,
,0.001,6379,,,
87,,6379,,0.9890044927597046,
,0.001,6389,,,
87,,6389,,0.9656215906143188,
,0.001,6399,,,
87,,6399,,0.9446700811386108,
,0.001,6409,,,
87,,6409,,1.028695821762085,
,0.001,6419,,,
87,,6419,,0.9850035309791565,
87,,6423,,,2.1307971477508545
87,,6423,0.996695339679718,,
,0.001,6429,,,
88,,6429,,1.0060927867889404,
,0.001,6439,,,
88,,6439,,1.0675281286239624,
,0.001,6449,,,
88,,6449,,0.967047929763794,
,0.001,6459,,,
88,,6459,,0.9498378038406372,
,0.001,6469,,,
88,,6469,,0.9710975289344788,
,0.001,6479,,,
88,,6479,,0.9797797203063965,
,0.001,6489,,,
88,,6489,,1.044769048690796,
88,,6496,,,2.162266731262207
88,,6496,0.9995515942573547,,
,0.001,6499,,,
89,,6499,,1.0462236404418945,
,0.001,6509,,,
89,,6509,,0.9702791571617126,
,0.001,6519,,,
89,,6519,,0.9902526140213013,
,0.001,6529,,,
89,,6529,,1.0526134967803955,
,0.001,6539,,,
89,,6539,,0.990273118019104,
,0.001,6549,,,
89,,6549,,0.9620949029922485,
,0.001,6559,,,
89,,6559,,0.999597430229187,
,0.001,6569,,,
89,,6569,,0.14191454648971558,
89,,6569,,,2.207350015640259
89,,6569,0.9893516302108765,,
,0.001,6579,,,
90,,6579,,0.9489501118659973,
,0.001,6589,,,
90,,6589,,0.9873069524765015,
,0.001,6599,,,
90,,6599,,0.9581652283668518,
,0.001,6609,,,
90,,6609,,0.9732171297073364,
,0.001,6619,,,
90,,6619,,0.9615087509155273,
,0.001,6629,,,
90,,6629,,0.9936584234237671,
,0.001,6639,,,
90,,6639,,0.9806054830551147,
90,,6642,,,2.232616662979126
90,,6642,0.9763084650039673,,
,0.001,6649,,,
91,,6649,,1.0459346771240234,
,0.001,6659,,,
91,,6659,,1.0418193340301514,
,0.001,6669,,,
91,,6669,,0.9755580425262451,
,0.001,6679,,,
91,,6679,,1.0000845193862915,
,0.001,6689,,,
91,,6689,,0.9776413440704346,
,0.001,6699,,,
91,,6699,,1.0650653839111328,
,0.001,6709,,,
91,,6709,,1.0335876941680908,
91,,6715,,,2.1799516677856445
91,,6715,0.9850688576698303,,
,0.001,6719,,,
92,,6719,,0.9935126900672913,
,0.001,6729,,,
92,,6729,,0.9846155643463135,
,0.001,6739,,,
92,,6739,,1.001342535018921,
,0.001,6749,,,
92,,6749,,0.9785383343696594,
,0.001,6759,,,
92,,6759,,0.9167690277099609,
,0.001,6769,,,
92,,6769,,1.0578495264053345,
,0.001,6779,,,
92,,6779,,0.964123010635376,
92,,6788,,,2.1559696197509766
92,,6788,0.9831030368804932,,
,0.001,6789,,,
93,,6789,,1.0017387866973877,
,0.001,6799,,,
93,,6799,,0.9178454875946045,
,0.001,6809,,,
93,,6809,,0.9687298536300659,
,0.001,6819,,,
93,,6819,,0.9238853454589844,
,0.001,6829,,,
93,,6829,,1.017120122909546,
,0.001,6839,,,
93,,6839,,1.0033446550369263,
,0.001,6849,,,
93,,6849,,0.9699949622154236,
,0.001,6859,,,
93,,6859,,1.0820109844207764,
93,,6861,,,2.1818511486053467
93,,6861,0.9677587151527405,,
,0.001,6869,,,
94,,6869,,0.9323083162307739,
,0.001,6879,,,
94,,6879,,1.0161709785461426,
,0.001,6889,,,
94,,6889,,0.89201819896698,
,0.001,6899,,,
94,,6899,,0.9444050788879395,
,0.001,6909,,,
94,,6909,,0.9271003007888794,
,0.001,6919,,,
94,,6919,,0.9612417221069336,
,0.001,6929,,,
94,,6929,,0.9255802035331726,
94,,6934,,,2.219972610473633
94,,6934,0.9469186067581177,,
,0.001,6939,,,
95,,6939,,0.883022665977478,
,0.001,6949,,,
95,,6949,,0.9677151441574097,
,0.001,6959,,,
95,,6959,,0.9810611009597778,
,0.001,6969,,,
95,,6969,,0.9306755661964417,
,0.001,6979,,,
95,,6979,,0.9864588975906372,
,0.001,6989,,,
95,,6989,,1.056213140487671,
,0.001,6999,,,
95,,6999,,0.9090237021446228,
95,,7007,,,2.1443843841552734
95,,7007,0.9572354555130005,,
,0.001,7009,,,
96,,7009,,0.8915661573410034,
,0.001,7019,,,
96,,7019,,0.8950321674346924,
,0.001,7029,,,
96,,7029,,0.9043338298797607,
,0.001,7039,,,
96,,7039,,0.9351627826690674,
,0.001,7049,,,
96,,7049,,0.9731427431106567,
,0.001,7059,,,
96,,7059,,0.927497386932373,
,0.001,7069,,,
96,,7069,,0.955756425857544,
,0.001,7079,,,
96,,7079,,0.9925718903541565,
96,,7080,,,2.152526617050171
96,,7080,0.9434142708778381,,
,0.001,7089,,,
97,,7089,,0.9365561008453369,
,0.001,7099,,,
97,,7099,,0.9930763840675354,
,0.001,7109,,,
97,,7109,,0.9217703342437744,
,0.001,7119,,,
97,,7119,,0.9302964210510254,
,0.001,7129,,,
97,,7129,,0.8863030672073364,
,0.001,7139,,,
97,,7139,,0.8968856334686279,
,0.001,7149,,,
97,,7149,,1.0447288751602173,
97,,7153,,,2.1389029026031494
97,,7153,0.9489794373512268,,
,0.001,7159,,,
98,,7159,,0.9706697463989258,
,0.001,7169,,,
98,,7169,,0.958195686340332,
,0.001,7179,,,
98,,7179,,0.9722455739974976,
,0.001,7189,,,
98,,7189,,1.0412826538085938,
,0.001,7199,,,
98,,7199,,0.9087401628494263,
,0.001,7209,,,
98,,7209,,0.9666323661804199,
,0.001,7219,,,
98,,7219,,0.9176521301269531,
98,,7226,,,2.1444854736328125
98,,7226,0.9587218761444092,,
,0.001,7229,,,
99,,7229,,0.8967735767364502,
,0.001,7239,,,
99,,7239,,0.936840295791626,
,0.001,7249,,,
99,,7249,,0.8433730602264404,
,0.001,7259,,,
99,,7259,,0.9175211191177368,
,0.001,7269,,,
99,,7269,,0.984626054763794,
,0.001,7279,,,
99,,7279,,0.9867880940437317,
,0.001,7289,,,
99,,7289,,0.9118611216545105,
,0.001,7299,,,
99,,7299,,0.26920047402381897,
99,,7299,,,2.2017829418182373
99,,7299,0.9356251955032349,,
100,,7300,,,2.2509472370147705
